"url","file_path","title","title_char_count","description","description_char_count","root_template","title_includes_site_suffix","effective_title","effective_title_char_count","offense_type","notes"
"https://www.ridercomplex.com/","app/(public)/page.tsx","Best Delivery Rider Gear Reviews & Buying Guides","48","Expert reviews and practical buying guides for US gig riders on Uber Eats, DoorDash, and Grubhub.","97","'%s | Rider Complex'","False","Best Delivery Rider Gear Reviews & Buying Guides | Rider Complex","64","title_over_60","Root template pushes homepage title over 60"
"https://www.ridercomplex.com/bike-security/u-lock-bike-best-u-lock-under-50-buyers-guide-for-budget-delivery-riders","app/(public)/[category]/[slug]/page.tsx","U Lock Bike: Best U Lock Under $50 â Buyer's Guide For Budget Delivery Riders","79","I started delivering with a cheap rope style lock and learned quickly that a small upgrade pays off the first time a distracted thief tries a quick snip. This guide walks through the best U locks under $50 you can buy on Amazon in the US, focusing on real listings that balance security, weight, and price. I recommend options early so you can order one and get back to work without overpaying. Below you will find quick picks then practical buying steps, usage tips, and smart saves tailored for new gig riders watching every dollar.","534","'%s | Rider Complex'","True","U Lock Bike: Best U Lock Under $50 â Buyer's Guide For Budget Delivery Riders | Rider Complex | Rider Complex","111","title_over_60;description_over_155","Current page metadata includes site name and root template appends again"
"https://www.ridercomplex.com/delivery-gear/10-best-insulated-food-delivery-bags-for-bike-riders-keep-orders-hot-and-fresh-on-every-drop","app/(public)/[category]/[slug]/page.tsx","10 Best Insulated Food Delivery Bags For Bike Riders: Keep Orders Hot And Fresh On Every Drop","93","I ride daily and I know how brutal heat loss or soggy insulation can be for ratings. If you are hauling DoorDash or Uber Eats orders on a bike or e-bike, the bag you pick matters as much as pacing and route choice. In this guide I jump straight to the bags that work for bike riders, then walk through fit tips, insulation types, weatherproofing, and quick mods you can make between shifts. My picks focus on Amazon available bags that real US riders use to keep food hot for roughly 20 to 40 minutes per drop.","510","'%s | Rider Complex'","True","10 Best Insulated Food Delivery Bags For Bike Riders: Keep Orders Hot And Fresh On Every Drop | Rider Complex | Rider Complex","125","title_over_60;description_over_155","Current page metadata includes site name and root template appends again"
"https://www.ridercomplex.com/tech-lighting/best-motorcycle-auxiliary-lights-for-delivery-riders-improve-visibility-and-safety-night-riding","app/(public)/[category]/[slug]/page.tsx","Best Motorcycle Auxiliary Lights For Delivery Riders: Improve Visibility And Safety Night Riding","96","Delivery riders need to see and be seen. I ride year round through rain fog and late night streets and I know stock lighting often fails on both counts. A good auxiliary light can reveal potholes and throw your presence to drivers who might otherwise miss you at an intersection. This article cuts through the marketing and gives real picks I use or have tested, explains fog lights versus spot lights versus general LED auxiliaries, and shows you what to expect when you buy on Amazon. Quick picks are up first so you can decide fast.","535","'%s | Rider Complex'","True","Best Motorcycle Auxiliary Lights For Delivery Riders: Improve Visibility And Safety Night Riding | Rider Complex | Rider Complex","128","title_over_60;description_over_155","Current page metadata includes site name and root template appends again"
"https://www.ridercomplex.com/safety-gear/best-motorcycle-gloves-under-50-for-daily-delivery-shifts","app/(public)/[category]/[slug]/page.tsx","Best Motorcycle Gloves Under $50 for Daily Delivery Shifts","58","Riding for deliveries means you know exactly what matters in a glove, and overpaying for gear you might replace in three months is not it. This review covers the best menâs motorcycle gloves under $50 on Amazon, picked specifically for DoorDash and Uber Eats riders who need protection, touchscreen use, and comfort across long urban shifts. Every product listed is a real Amazon listing priced under $50 at the time of writing.","430","'%s | Rider Complex'","True","Best Motorcycle Gloves Under $50 for Daily Delivery Shifts | Rider Complex | Rider Complex","90","title_over_60;description_over_155","Current page metadata includes site name and root template appends again"
"https://www.ridercomplex.com/tech-lighting/best-motorcycle-lights-for-delivery-riders-motorcycle-lighting-for-night-delivery-guide","app/(public)/[category]/[slug]/page.tsx","Best Motorcycle Lights for Delivery Riders â Motorcycle Lighting for Night Delivery Guide","91","Being invisible at night is the fastest way to lose money or end up injured. I know the stress of weaving through late night traffic while wondering if drivers actually see me. This guide is my hub for motorcycle lighting for night delivery, written for riders like you and me who need reliable visibility on a gig worker budget. Read on and you will get quick picks by use case, practical rules for front rear and side visibility, legal must haves, an install checklist, and a step by step upgrade path you can afford between shifts.","534","'%s | Rider Complex'","True","Best Motorcycle Lights for Delivery Riders â Motorcycle Lighting for Night Delivery Guide | Rider Complex | Rider Complex","123","title_over_60;description_over_155","Current page metadata includes site name and root template appends again"
"https://www.ridercomplex.com/tech-lighting/how-to-install-motorcycle-strip-lights-led-strip-lights-for-motorcycle-underglow-a-delivery-riders-stepbystep-guide","app/(public)/[category]/[slug]/page.tsx","How To Install Motorcycle Strip Lights (LED Strip Lights For Motorcycle & Underglow) : A Delivery Riderâs StepâByâStep Guide","130","We ride nights. We move hot food and essential packages across city streets that never sleep. Adding motorcycle strip lights is one of the fastest upgrades we can make to increase visibility and add a low profile style that customers notice. In this guide we combine real product picks with hands on install tips so you can pick a kit, fit it, and keep it working during a shift. We focus on 12V kits that survive vibration and weather and we show wiring, routing, and the legal gotchas you need to know.","504","'%s | Rider Complex'","True","How To Install Motorcycle Strip Lights (LED Strip Lights For Motorcycle & Underglow) : A Delivery Riderâs StepâByâStep Guide | Rider Complex | Rider Complex","162","title_over_60;description_over_155","Current page metadata includes site name and root template appends again"
"https://www.ridercomplex.com/tech-lighting/motorcycle-helmet-light-review-best-helmet-mounted-led-light-for-night-delivery-riders","app/(public)/[category]/[slug]/page.tsx","Motorcycle Helmet Light Review: Best Helmet-Mounted LED Light For Night Delivery Riders","87","I ride nights for delivery and I depend on a rear helmet light to keep me visible from behind. I tested several helmet mounted LED light options you can buy on Amazon and focused on rear mounted lights because that is the highest risk angle when a car clips your back. Below I lead with my recommendations so you can jump straight to the best buys, then I walk through installation, performance, compatibility with full face open face and half helmets, durability, and practical buying tips.","491","'%s | Rider Complex'","True","Motorcycle Helmet Light Review: Best Helmet-Mounted LED Light For Night Delivery Riders | Rider Complex | Rider Complex","119","title_over_60;description_over_155","Current page metadata includes site name and root template appends again"
"https://www.ridercomplex.com/tech-lighting/motorcycle-light-bar-review-best-front-lighting-upgrades-for-delivery-riders","app/(public)/[category]/[slug]/page.tsx","Motorcycle Light Bar Review: Best Front Lighting Upgrades for Delivery Riders","77","Stock headlights on delivery bikes are often inadequate for safe night riding, especially on poorly lit roads between drops. We have spent nights testing bars, pods, and mounts so we know what separates a cheap gimmick from gear you can rely on when a solo run turns into a wet, pitch dark route. This buying guide gives delivery riders a clear framework to choose a motorcycle light bar that actually improves safety, fits the bike, and stays legal. We call out wiring difficulty, mounting quirks, and the real world trade offs so you buy once and get it right.","562","'%s | Rider Complex'","True","Motorcycle Light Bar Review: Best Front Lighting Upgrades for Delivery Riders | Rider Complex | Rider Complex","109","title_over_60;description_over_155","Current page metadata includes site name and root template appends again"
"https://www.ridercomplex.com/tech-lighting/motorcycle-number-plate-light-review-quick-compliant-led-replacements-for-delivery-riders-usa","app/(public)/[category]/[slug]/page.tsx","Motorcycle Number Plate Light Review: Quick, Compliant LED Replacements For Delivery Riders (USA)","97","If you ride deliveries at night in the USA and your motorcycle number plate light is out or dim you need a fast, compliant fix. Riding without an illuminated plate risks a ticket, a stop, lost earnings while you wait, and in rare cases an impound. Below I get straight to the point with Amazon options I trust, what to measure, and how to install so you're back on the road quickly.","382","'%s | Rider Complex'","True","Motorcycle Number Plate Light Review: Quick, Compliant LED Replacements For Delivery Riders (USA) | Rider Complex | Rider Complex","129","title_over_60;description_over_155","Current page metadata includes site name and root template appends again"
"https://www.ridercomplex.com/tech-lighting/motorcycle-tail-lights-review-best-led-upgrades-for-delivery-riders-usa","app/(public)/[category]/[slug]/page.tsx","Motorcycle Tail Lights Review â Best LED Upgrades For Delivery Riders (USA)","77","The tail light and brake light are the most critical visibility points for delivery riders. Cars following too closely at night is a real and regular hazard I face every shift. I take rear visibility seriously. This review focuses on practical LED upgrades you can install quickly that make drivers see you sooner and give you more time to stop safely. I lead with quick product picks so you can get a safer tail light fast.","424","'%s | Rider Complex'","True","Motorcycle Tail Lights Review â Best LED Upgrades For Delivery Riders (USA) | Rider Complex | Rider Complex","109","title_over_60;description_over_155","Current page metadata includes site name and root template appends again"
"https://www.ridercomplex.com/platform-reviews/doordash-earn-by-time-a-bike-riders-guide-to-maximizing-hourly-pay","app/(public)/[category]/[slug]/page.tsx","DoorDash Earn By Time: A Bike Rider's Guide To Maximizing Hourly Pay","68","Direct answer first: I recommend Earn by Time for most short-distance urban bike shifts because it protects my hourly rate from unpaid wait time and bad lowball offers while still letting me keep tips. If you have a very specific corner of town where per-delivery offers regularly pay $10 plus and you can chain orders without downtime I would sometimes choose per delivery â but that is the exception, not the rule for dense city bike runs. Below I explain exactly how each model works in plain terms, show the math for a typical short bike run so you can compare like for like, and give concrete tactics to squeeze the most hourly pay out of Earn by Time when it is the right move.","685","'%s | Rider Complex'","True","DoorDash Earn By Time: A Bike Rider's Guide To Maximizing Hourly Pay | Rider Complex | Rider Complex","100","title_over_60;description_over_155","Current page metadata includes site name and root template appends again"
"https://www.ridercomplex.com/platform-reviews/what-pays-better-uber-eats-or-doordash-a-guide-for-bike-riders-2026","app/(public)/[category]/[slug]/page.tsx","What Pays Better: Uber Eats Or DoorDash? A Guide For Bike Riders (2026)","71","
I'll answer this straight up: for most US bike riders in 2026 DoorDash tends to produce higher hourly earnings overall, while Uber Eats often pays more per individual delivery. Those two facts sound contradictory but they are not. DoorDash wins on volume â it delivers more back-to-back short orders in busy pockets which drives total hourly up. Uber Eats wins on per-delivery base pay and surge behavior, which makes it the better choice during late night peaks or when you want fewer trips at higher pay each. If you want a quick verdict: choose Uber Eats if you prize higher per-delivery pay and your market has reliable surge windows, and pick DoorDash if you want steady volume and consistent hourly income from a dense cluster.","736","'%s | Rider Complex'","True","What Pays Better: Uber Eats Or DoorDash? A Guide For Bike Riders (2026) | Rider Complex | Rider Complex","103","title_over_60;description_over_155","Current page metadata includes site name and root template appends again"
"https://www.ridercomplex.com/bike-security/bike-u-lock-the-best-u-locks-for-delivery-riders-gig-workers-and-everyday-bike-security","app/(public)/[category]/[slug]/page.tsx","Bike U Lock: The Best U Locks For Delivery Riders, Gig Workers, And Everyday Bike Security","90","I write this as a delivery rider who has lost a bike to a quick pry in a busy neighborhood. You need a U lock that stops opportunists fast and survives cities where thieves come prepared. In this guide I cut through hype and list the best bike U lock options available on Amazon in the US that I trust for gig work. I also cover quick picks, what matters, real product specs, honest limitations, and exactly how I lock my bike during short drops and long shifts.","462","'%s | Rider Complex'","True","Bike U Lock: The Best U Locks For Delivery Riders, Gig Workers, And Everyday Bike Security | Rider Complex | Rider Complex","122","title_over_60;description_over_155","Current page metadata includes site name and root template appends again"
"https://www.ridercomplex.com/bike-security/bicycle-u-lock-review-for-delivery-riders-u-lock-vs-chain-lock-which-is-better","app/(public)/[category]/[slug]/page.tsx","Bicycle U-Lock Review For Delivery Riders â U-Lock Vs Chain Lock: Which Is Better?","84","I lock up dozens of times per shift and have tested both U locks and chain locks in the real conditions that matter: busy sidewalks, cramped restaurant alleys, apartment lobbies, and long overnight waits. This review compares bicycle U lock performance specifically for delivery work and gives honest, actionable recommendations. I focus on what affects my workflow: speed, portability, real world cut resistance, positioning options at quick stops, and handling heavier e bikes. If you want a decisive pick for the city or suburbs I tell you which to buy and how to use it.","574","'%s | Rider Complex'","True","Bicycle U-Lock Review For Delivery Riders â U-Lock Vs Chain Lock: Which Is Better? | Rider Complex | Rider Complex","116","title_over_60;description_over_155","Current page metadata includes site name and root template appends again"
"https://www.ridercomplex.com/bike-security/how-to-lock-bike-with-u-lock-fast-secure-technique-for-delivery-riders","app/(public)/[category]/[slug]/page.tsx","How To Lock Bike With U Lock: Fast, Secure Technique For Delivery Riders","72","Your shifts are packed with short stops and you need a locking routine that is fast and reliable. This guide shows exactly how to lock a bike with a U lock at delivery stops so you can secure your bike in under 30 seconds and get back to orders. I focus only on real delivery situations like restaurant racks, sign posts, and quick curbside pauses so the steps are repeatable every shift and cut theft risk where it matters.","424","'%s | Rider Complex'","True","How To Lock Bike With U Lock: Fast, Secure Technique For Delivery Riders | Rider Complex | Rider Complex","104","title_over_60;description_over_155","Current page metadata includes site name and root template appends again"
"https://www.ridercomplex.com/bike-security/kryptonite-ulock-review-for-delivery-riders-evolution-series-2-new-york-compared","app/(public)/[category]/[slug]/page.tsx","Kryptonite UâLock Review For Delivery Riders â Evolution, Series 2, New York Compared","89","I ride deliveries for a living and have tested multiple Kryptonite U locks on real shifts to see what actually holds up when stops are fast and stakes are high. This review covers the current Evolution Mini 7, the KryptoLok Series 2, and the New York Fahgettaboudit family so you can pick the best Kryptonite U lock for your route, bike, and risk tolerance. I keep my reports practical and specific because you already trust Kryptonite: you just want help choosing between models.","480","'%s | Rider Complex'","True","Kryptonite UâLock Review For Delivery Riders â Evolution, Series 2, New York Compared | Rider Complex | Rider Complex","121","title_over_60;description_over_155","Current page metadata includes site name and root template appends again"
"https://www.ridercomplex.com/delivery-gear/insulated-bag-for-food-delivery-review-cheap-to-pro-grade-guide-for-riders","app/(public)/[category]/[slug]/page.tsx","Insulated Bag for Food Delivery Review: Cheap To Pro-Grade Guide For Riders","75","I get it. You have had temperature complaints and you are trying to decide how much to spend on an insulated bag for food delivery. I wrote this to cut through the hype and show you what each price tier actually buys you: the limits of a cheap insulated delivery bag, the sweet spot for new riders, and when a premium insulated delivery bag is worth the cash. I focus on what matters on the street, insulation thickness, size, durability, and how easy the bag is to clean, so you do not waste money on features that do not help your runs.
If you ride a bike or e-bike and want product-specific picks with mounting and fit tips, see 10 Best Insulated Food Delivery Bags For Bike Riders.","685","'%s | Rider Complex'","True","Insulated Bag for Food Delivery Review: Cheap To Pro-Grade Guide For Riders | Rider Complex | Rider Complex","107","title_over_60;description_over_155","Current page metadata includes site name and root template appends again"
"https://www.ridercomplex.com/tech-lighting/motorcycle-wheel-lights-review-cheap-highimpact-visibility-upgrades-for-delivery-riders","app/(public)/[category]/[slug]/page.tsx","Motorcycle Wheel Lights Review: Cheap, High Impact Visibility Upgrades For Delivery Riders","90","We ride at night and we know a small visibility upgrade can make the difference between a close call and getting home safe. This review looks at motorcycle wheel lights that are cheap, easy to fit, and actually help delivery riders stand out after dark. We lead with quick recommendations so you can decide fast, then dig into installation, durability, and real world trade offs. Our focus is on options you can buy on Amazon in the US, with enough detail to pick the best LED wheel lights for motorcycle use without overspending.","530","'%s | Rider Complex'","True","Motorcycle Wheel Lights Review: Cheap, High Impact Visibility Upgrades For Delivery Riders | Rider Complex | Rider Complex","122","title_over_60;description_over_155","Current page metadata includes site name and root template appends again"
"https://www.ridercomplex.com/tech-lighting/how-to-replace-motorcycle-license-plate-light-quick-diy-guide-for-delivery-riders-led-replacement-legal-tips","app/(public)/[category]/[slug]/page.tsx","How to Replace Motorcycle License Plate Light: Quick DIY Guide for Delivery Riders (LED Replacement & Legal Tips)","113","A burned out plate light is a roadside fine waiting to happen when I ride at night. As a delivery rider I treat a dark plate light like a flat tire: fix it fast and keep working. In this guide I walk you through a fast pre check, the exact tools I carry, step by step removal and LED swap, and testing so you do not get pulled over or lose a run. This is hands on, written for riders in the USA who want a cheap, reliable fix in 10 to 30 minutes using parts from Amazon or the shop down the road.","496","'%s | Rider Complex'","True","How to Replace Motorcycle License Plate Light: Quick DIY Guide for Delivery Riders (LED Replacement & Legal Tips) | Rider Complex | Rider Complex","145","title_over_60;description_over_155","Current page metadata includes site name and root template appends again"
"https://www.ridercomplex.com/platform-reviews/what-pays-more-uber-eats-or-doordash","app/(public)/[category]/[slug]/page.tsx","What Pays More: Uber Eats Or DoorDash","37","I decided to answer the question every delivery worker asks before they sign up or switch apps: what pays more, Uber Eats or DoorDash. I have spent thousands of hours multi-apping across cities, testing pay models, and tracking real earnings and expenses. This hub pulls together the numbers that matter in 2026 plus the practical strategies I use when I need to choose one app over the other. Read on for a quick table you can scan, then the deep dive on pay structure, real-world earnings by vehicle type, costs you must count, regional patterns, operational tactics, and a verdict broken down for bike riders, motorcycle riders, and car drivers.","648","'%s | Rider Complex'","True","What Pays More: Uber Eats Or DoorDash | Rider Complex | Rider Complex","69","title_over_60;description_over_155","Current page metadata includes site name and root template appends again"
"https://www.ridercomplex.com/bike-security/kryptonite-new-york-u-lock-review-standard-mini-is-it-worth-it-for-delivery-riders","app/(public)/[category]/[slug]/page.tsx","Kryptonite New York U-Lock Review (Standard & Mini) â Is It Worth It For Delivery Riders?","91","Quick verdict: I use the Kryptonite New York U lock daily while delivering in a high crime city and it stops the kinds of quick opportunistic theft that ended my shift once. The lock costs more and carries like a brick, yet for my routes where bikes sit unattended outside restaurants it has repeatedly bought the extra minutes I need to return to an intact rig.","362","'%s | Rider Complex'","True","Kryptonite New York U-Lock Review (Standard & Mini) â Is It Worth It For Delivery Riders? | Rider Complex | Rider Complex","123","title_over_60;description_over_155","Current page metadata includes site name and root template appends again"
"https://www.ridercomplex.com/safety-gear/mens-motorcycle-gloves-review-best-budget-motorcycle-gloves-under-50","app/(public)/[category]/[slug]/page.tsx","Men's Motorcycle Gloves Review â Best Budget Motorcycle Gloves Under $50","74","I ride for deliveries and I know what matters when buying men's motorcycle gloves on a budget. In this review I cut to the chase and show the best options under $50 on Amazon so you can pick a pair and get back to work. The picks focus on protection, touchscreen use, and comfort for long DoorDash or Uber Eats shifts.","318","'%s | Rider Complex'","True","Men's Motorcycle Gloves Review â Best Budget Motorcycle Gloves Under $50 | Rider Complex | Rider Complex","106","title_over_60;description_over_155","Current page metadata includes site name and root template appends again"
"https://www.ridercomplex.com/safety-gear/motorbike-gloves-review-leather-vs-textile-for-delivery-riders","app/(public)/[category]/[slug]/page.tsx","Motorbike Gloves Review: Leather vs Textile for Delivery Riders","63","We ride and deliver in city traffic every week and have used both leather and textile gloves on real shifts. This guide compares leather and textile motorbike gloves with delivery riders in the US in mind, so you get a clear practical answer rather than a sales pitch.","268","'%s | Rider Complex'","True","Motorbike Gloves Review: Leather vs Textile for Delivery Riders | Rider Complex | Rider Complex","95","title_over_60;description_over_155","Current page metadata includes site name and root template appends again"
